smiles,pIC50
COc1cc2c(Nc3ccc(Br)cc3F)ncnc2cc1OCCn1ccnn1,4.698970004336019
COc1cc2c(Nc3ccc(Br)cc3F)ncnc2cc1OCC1CCN(C)CC1.Cl,4.698970004336019
COc1cc2c(Nc3ccc(Oc4ccccc4)cc3)c(C#N)cnc2cc1OCCCN1CCOCC1,6.0
COc1cc2c(Nc3ccc(Sc4nccn4C)c(Cl)c3)c(C#N)cnc2cc1OCCCN1CCOCC1,6.0
CCCCCCCCCCCCCCCCCCOC[C@H](COP(=O)(O)O[C@H]1[C@@H](O)[C@@H](O)[C@H](O)C[C@H]1O)OC,5.823908740944319
CCCCCCCCCCCCCCCCCCOC[C@H](COP(=O)(O)O[C@@H]1[C@H](O)[C@H](CO)[C@@H](O)[C@H](O)[C@@H]1O)OC,5.107905397309519
CCCCCCCCCCCCCCCCCCOC[C@H](COC(=O)O[C@@H]1[C@H](O)[C@H](CO)[C@@H](O)[C@H](O)[C@@H]1O)OC,5.301029995663981
CCCCCCCCCCCCCCCCCCOC[C@H](COC(=O)O[C@@H]1[C@H](O)[C@@H](CO)[C@@H](O)[C@H](O)[C@@H]1O)OC,4.494850021680094
CCCCCCCCCCCCCCCCCCOC[C@H](COC(=O)O[C@H]1[C@@H](O)[C@@H](O)[C@H](O)C[C@H]1O)OC,4.903089986991944
CCCCCCCCCCCCCCCCCCOC[C@H](COP(=O)(O)O[C@@H]1[C@H](O)[C@@H](CO)[C@@H](O)[C@H](O)[C@@H]1O)OC,5.040958607678906
CCCCCCCCCCCCCCCCCCOC[C@H](COC(=O)O[C@H]1[C@@H](O)[C@@H](O)[C@H](O)[C@H](CO)[C@@H]1O)n1ccnc1,4.823908740944319
CCCCCCCCCCCCCCCCCCOC[C@H](COP(=O)(O)O[C@H]1[C@@H](O)[C@@H](O)[C@H](O)C[C@H]1O)n1ccnc1,4.425968732272281
CCCCCCCCCCCCCCCCCCOC[C@H](COC(=O)O[C@@H]1[C@H](O)[C@@H](CO)[C@@H](O)[C@H](O)[C@@H]1O)OC,5.301029995663981
CCCCCCCCCCCCCCCC(=O)C[C@H](COP(=O)(O)O[C@H]1[C@@H](O)[C@@H](O)[C@H](O)C[C@H]1O)C(=O)CCCCCCCCCCCCCCC,4.562249437179612
CCCCCCCCCCCCCCCCCCOC[C@H](COP(=O)(O)O[C@@H]1[C@H](O)[C@@H](CO)[C@@H](O)[C@H](O)[C@@H]1O)OC,5.107905397309519
CCCCCCCCCCCCCCCCCCOC[C@H](COP(=O)(O)O[C@H]1[C@@H](O)[C@@H](O)[C@H](O)C[C@H]1O)OC,5.823908740944319
CCCCCCCCCCCCCCCCCCOC[C@H](COP(=O)(O)O[C@@H]1[C@H](O)[C@@H](CO)[C@@H](O)[C@H](O)[C@@H]1O)n1ccnc1,4.688246138944246
CN(C)c1ccc(O)c(C(=O)c2ccc(C(=O)N[C@@H]3CCCNC[C@H]3NC(=O)c3ccncc3)cc2)c1.Cl.Cl.Cl,7.638272163982407
CC1(C)CCCNC1c1ccc(O)c(C(=O)c2ccc(C(=O)N[C@@H]3CCCNC[C@H]3NC(=O)c3ccncc3)cc2)c1F.Cl.Cl.Cl,6.1249387366083
Cl.Cl.Cl.O=C(N[C@@H]1CCCNC[C@H]1NC(=O)c1ccncc1)c1ccc(C(=O)c2cc(N3CCCCC3)ccc2O)cc1,7.698970004336019
CC1(C)CCCN(c2ccc(O)c(C(=O)c3ccc(C(=O)N[C@@H]4CCCNC[C@H]4NC(=O)c4ccncc4)cc3)c2)C1.Cl.Cl.Cl,7.698970004336019
CC1(C)CCN(c2ccc(O)c(C(=O)c3ccc(C(=O)N[C@@H]4CCCNC[C@H]4NC(=O)c4ccncc4)cc3)c2)CC1.Cl.Cl.Cl,7.3979400086720375
CC(=O)c1c(C)c2cnc(Nc3ccc(N4CCNCC4)cc3)nc2n(C2CCCC2)c1=O,5.0
COc1cc(Nc2c(C#N)cnc3cc(-c4ccc(CN5CCN(C)CC5)cn4)sc23)c(Cl)cc1Cl,5.0
Cc1ccc(C(=O)Nc2ccon2)cc1Nc1ncnc(NC2CCCC2)c1C#N,4.301029995663981
COc1cc(Nc2c(C#N)cnc3cc4cc(OCCN5CCOCC5)c(OC)cc4cc23)c(Cl)cc1Cl,5.0
O=C(NC1CC1)c1cc(NCc2cnc(Nc3ccccn3)s2)c(F)cc1F,5.301029995663981
Cc1nc(Nc2ncc(C(=O)Nc3c(C)cccc3Cl)s2)cc(N2CCN(CCO)CC2)n1.O,4.301029995663981
Clc1ccc(C2(c3ccc(-c4ncnc5[nH]cnc45)cc3)CCNCC2)cc1,5.221848749616356
Clc1ccc(C2(c3ccc(-c4ncnc5[nH]cnc45)cc3)CCNCC2)cc1,5.721246399047171
O=C(NCc1ccncc1)c1ccc2c(c1)Cc1c(-c3ccc(-c4ccc(O)cc4)cc3)n[nH]c1-2,5.801342913045577
O=C(N[C@H]1CC[C@H](O)CC1)c1ccc2c(c1)Cc1c(-c3ccc(-c4ccc(O)cc4)cc3)n[nH]c1-2,5.3535962737769305
NCC(O)(c1ccc(Cl)cc1)c1ccc(-c2cn[nH]c2)cc1,6.0
NC[C@@](O)(c1ccc(Cl)cc1)c1ccc(-c2cn[nH]c2)cc1,8.0
NC[C@](O)(c1ccc(Cl)cc1)c1ccc(-c2cn[nH]c2)cc1,6.017728766960431
NC[C@@](O)(c1ccc(Cl)cc1)c1ccc(-c2cn[nH]c2)cc1,5.958607314841775
NC[C@](O)(c1ccc(Cl)cc1)c1ccc(-c2cn[nH]c2)cc1,4.301029995663981
CNC(=O)C[C@@H]1C[C@@H](c2ccc(F)c(F)c2)[C@H](NC(=O)c2cc(-c3c(Cl)cnn3C)c(Cl)o2)CN1,7.356547323513812
Cn1ncc(Cl)c1-c1cc(C(=O)N[C@@H]2CNCC[C@H]2c2ccc(F)c(F)c2)oc1Cl.O=C(O)[C@H](O)[C@@H](O)C(=O)O,7.675717544702307
O=C(Nc1ccc([N+](=O)[O-])cc1)C(c1ccccc1)N(C(=O)c1ccccc1I)c1ccccc1,8.872895201635192
O=C(Nc1ccc([N+](=O)[O-])cc1)C(c1ccc([N+](=O)[O-])cc1)N(C(=O)c1ccc(C(F)(F)F)cc1)c1ccccc1,8.05453141486818
O=C(Nc1ccc([N+](=O)[O-])cc1)C(c1ccccc1)N(Cc1ccccc1)C(=O)Cc1ccccc1,8.675717544702307
CN[C@@H]1C[C@H]2O[C@@](C)([C@@H]1OC)n1c3ccccc3c3c4c(c5c6ccccc6n2c5c31)C(=O)NC4,5.3979400086720375
NCC(c1ccccc1)N1CCN(c2ncnc(N)c2-c2ccc(F)cc2)CC1,6.0
NCC(c1ccc(F)cc1)N1CCN(c2ncnc(N)c2-c2ccc(F)cc2)CC1,6.0
NCC(c1ccc(C(F)(F)F)cc1)N1CCN(c2ncnc(N)c2-c2ccc(F)cc2)CC1,6.455931955649724
NCC(c1ccc(F)c(C(F)(F)F)c1)N1CCN(c2ncnc(N)c2-c2ccc(F)cc2)CC1,6.0
CN(C)CC(c1ccc(C(F)(F)F)cc1)N1CCN(c2ncnc(N)c2-c2ccc(F)cc2)CC1,6.0
Nc1ncnc(N2CCN(C(CN3CCC3)c3ccc(C(F)(F)F)cc3)CC2)c1-c1ccc(F)cc1,6.0
Cn1cc(-c2ccc(F)c(C(F)(F)F)c2)nc1C1CCN(c2cc(N)ncn2)CC1,6.0
COc1c(N)ncnc1N1CCC(c2nc(-c3ccc(F)c(C(F)(F)F)c3)cn2C)CC1,6.285670240254767
Cn1cc(-c2ccc(F)c(C(F)(F)F)c2)nc1C1CCN(c2ncnc(N)c2C#N)CC1,6.585026652029182
Cn1cc(-c2ccc(F)c(C(F)(F)F)c2)nc1C1CCN(c2ncnc(N)c2C(N)=O)CC1,5.795880017344075
Cc1ncc(-c2c(N)ncnc2N2CCC(c3nc(-c4ccc(F)c(C(F)(F)F)c4)cn3C)CC2)s1,6.070581074285707
Cn1cc(-c2ccc(F)c(C(F)(F)F)c2)nc1C1CCN(c2ncnc(N)c2-c2ccncc2)CC1,6.031517051446065
Cn1cc(-c2ccc(F)c(C(F)(F)F)c2)nc1C1CCN(c2ncnc(N)c2-c2cncnc2)CC1,6.055517327849832
Cn1cc(-c2ccc(F)c(C(F)(F)F)c2)nc1C1CCN(c2ncnc(N)c2-c2ccccc2F)CC1,6.0
Cn1cc(-c2ccc(F)c(C(F)(F)F)c2)nc1C1CCN(c2ncnc(N)c2-c2cccc(F)c2)CC1,6.0
Cn1cc(-c2ccc(F)c(C(F)(F)F)c2)nc1C1CCN(c2ncnc(N)c2-c2ccc(F)cc2)CC1,5.657577319177793
CN(C)CCn1cc(-c2ccc(F)c(C(F)(F)F)c2)nc1C1CCN(c2ncnc(N)c2-c2ccc(F)cc2)CC1,6.638272163982407
Nc1ncnc(N2CCC(c3nc(-c4ccc(F)c(C(F)(F)F)c4)cn3CCN3CCC3)CC2)c1-c1ccc(F)cc1,7.638272163982407
Nc1ncnc(N2CCC(c3nc(-c4ccc(F)c(C(F)(F)F)c4)cn3CCN3CCCC3)CC2)c1-c1ccc(F)cc1,6.853871964321762
Nc1ncnc(N2CCC(c3nc(-c4ccc(F)c(C(F)(F)F)c4)cn3CCN3CCCCC3)CC2)c1-c1ccc(F)cc1,6.455931955649724
CN(C)CCn1cc(-c2ccc(F)c(C(F)(F)F)c2)nc1C1CCN(c2ncnc(N)c2C#N)CC1,8.161150909262744
CN(C)CCn1cc(-c2ccc(F)c(C(F)(F)F)c2)nc1C1CCN(c2ncnc(N)c2C(N)=O)CC1,7.075720713938118
C=Cc1c(N)ncnc1N1CCC(c2nc(-c3ccc(F)c(C(F)(F)F)c3)cn2CCN(C)C)CC1,8.040958607678906
CCc1c(N)ncnc1N1CCC(c2nc(-c3ccc(F)c(C(F)(F)F)c3)cn2CCN(C)C)CC1,7.920818753952375
CN(C)CCn1cc(-c2ccc(F)c(C(F)(F)F)c2)nc1C1CCN(c2ncnc(N)c2C2CC2)CC1,8.318758762624412
Nc1ncnc(N2CCC(c3nc(-c4ccc(F)c(C(F)(F)F)c4)cn3CCN3CCC3)CC2)c1Cl,9.0
C=Cc1c(N)ncnc1N1CCC(c2nc(-c3ccc(F)c(C(F)(F)F)c3)cn2CCN2CCC2)CC1,8.3767507096021
CCc1c(N)ncnc1N1CCC(c2nc(-c3ccc(F)c(C(F)(F)F)c3)cn2CCN2CCC2)CC1,8.397940008672037
Nc1ncnc(N2CCC(c3nc(-c4ccc(F)c(C(F)(F)F)c4)cn3CCN3CCC3)CC2)c1C1CCC1,8.136677139879543
N#Cc1c(N)ncnc1N1CCC(c2nc(-c3ccc(F)c(C(F)(F)F)c3)cn2CCN2CCC2)CC1,8.657577319177793
CC(C)c1c(N)ncnc1N1CCC(c2nc(-c3ccc(F)c(C(F)(F)F)c3)cn2CCN2CCC2)CC1,8.18045606445813
NC(=O)c1c(N)ncnc1N1CCC(c2nc(-c3ccc(F)c(C(F)(F)F)c3)cn2CCN2CCC2)CC1,7.795880017344075
O=C(O)c1cccc2c(N[C@H](CN3CCC3)c3ccc(Cl)c(C(F)(F)F)c3)ncnc12,8.853871964321762
Nc1ncccc1-c1nc2ccc(-c3ccccc3)nc2n1-c1ccc(C2(N)CCC2)cc1,8.301029995663981
C=CC(=O)Nc1ccc2[nH]c(=O)n(C3CCN(Cc4ccc(-c5nc6cc[nH]c(=O)c6cc5-c5ccccc5)cc4)CC3)c2c1,9.698970004336019
CC(=O)Nc1cn2nc(-c3cnc(Cl)c(NS(=O)(=O)N4CCOCC4)c3)ccc2n1,7.1249387366083
Cc1ccc(C)c2c1C/C(=C\c1ccccc1)C2=O,6.684029654543083
Cc1ccc2c(c1C)C(=O)/C(=C/c1ccccc1)C2,7.180456064458132
Cc1cc([C@@H](C)Nc2ccccc2C(=O)O)c2oc(N3CCC(C)(C)CC3)c(C)c(=O)c2c1,8.522878745280337
Cc1ccccc1C1NC(=O)c2cc(NC3COC3)cc(NC(=O)c3csc4ccccc34)c21,6.478861916295964
Cc1cc([C@@H](C)Nc2ccccc2C(=O)O)c2nc(N3CCCCC3)cc(=O)n2c1,7.107905397309519
Cc1cc([C@@H](C)Nc2ccccc2C(=O)O)c2nc(N3CCCCC3)c(C)c(=O)n2c1,8.522878745280337
Cc1cc(C(C)Nc2ccccc2C(=O)O)c2nc(N3CCC(C)(C)CC3)n(C)c(=O)c2c1,6.747146969020107
Cc1cc(C(C)Nc2ccccc2C(=O)O)c2nc(N3CCCCC3)ncc2c1,5.594482893023624
Cc1cc([C@@H](C)Nc2ccccc2C(=O)O)c2nc(N3CCCCC3)c(F)c(=O)n2c1,9.522878745280337
Cc1cc([C@@H](C)Nc2ccccc2C(=O)O)c2nc(N3CCCCC3)c(C#N)c(=O)n2c1,9.045757490560675
Cc1cc([C@@H](C)Nc2ccccc2C(=O)O)c2nc(N3CCCCC3)c(C(F)(F)F)c(=O)n2c1,7.552841968657781
Cc1cc([C@@H](C)Nc2ccccc2C(=O)O)c2nc(N3CCCCC3)c(C(N)=O)c(=O)n2c1,5.0
Cc1cc([C@@H](C)Nc2ccccc2C(=O)O)c2nc(N3CCCC3)c(C#N)c(=O)n2c1,8.522878745280337
Cc1cc([C@@H](C)Nc2ccccc2C(=O)O)c2nc(N3CCC(C)(C)CC3)c(C#N)c(=O)n2c1,9.0
Cc1cc([C@@H](C)Nc2ccccc2C(=O)O)c2nc(N3CCC(F)(F)CC3)c(C#N)c(=O)n2c1,9.0
Cc1cc([C@@H](C)Nc2ccccc2C(=O)O)c2nc(N3CC4CC(C3)C4(F)F)c(C#N)c(=O)n2c1,8.522878745280337
Cc1cc([C@@H](C)Nc2ccccc2C(=O)O)c2nc(C3CCC(F)(F)CC3)c(C#N)c(=O)n2c1,8.522878745280337
Cc1cc([C@@H](C)Nc2ccccc2C(=O)O)c2nc(N3CC(F)(F)C3)c(C#N)c(=O)n2c1,8.698970004336019
Cc1cc([C@@H](C)Nc2ccccc2C(=O)O)c2nc(N3CC4(C3)CC(F)(F)C4)c(C#N)c(=O)n2c1,5.864231485432177
Cc1cc([C@@H](C)Nc2ccccc2C(=O)O)c2nc(N3CCS(=O)(=O)CC3)c(C#N)c(=O)n2c1,6.425968732272281
Cc1cc([C@@H](C)Nc2cccc(F)c2C(=O)O)c2nc(N3CCC(F)(F)CC3)c(C#N)c(=O)n2c1,7.7447274948966935
Cc1cc([C@@H](C)Nc2ccc(Cl)cc2C(=O)O)c2nc(N3CCC(F)(F)CC3)c(C#N)c(=O)n2c1,7.823908740944319
Cc1cc([C@@H](C)Nc2ccc(Cl)nc2C(=O)O)c2nc(N3CCC(F)(F)CC3)c(C#N)c(=O)n2c1,7.853871964321762
Cc1cc([C@@H](C)Nc2nccnc2C(=O)O)c2nc(N3CCC(F)(F)CC3)c(C#N)c(=O)n2c1,6.841637507904751
Cc1cc([C@@H](C)Nc2cscc2C(=O)O)c2nc(N3CCC(F)(F)CC3)c(C#N)c(=O)n2c1,8.045757490560675
Cc1cc([C@@H](C)Nc2ccccc2C(=O)O)c2oc(N3CCC(C)(C)CC3)c(C)c(=O)c2c1,5.4968905633286305
Cc1ccccc1C1NC(=O)c2cc(NC3COC3)cc(NC(=O)c3csc4ccccc34)c21,6.939302159646388
Cc1cc([C@@H](C)Nc2ccccc2C(=O)O)c2nc(N3CCCCC3)cc(=O)n2c1,5.2295898684860935
Cc1cc([C@@H](C)Nc2ccccc2C(=O)O)c2nc(N3CCCCC3)c(C)c(=O)n2c1,5.834162375309871
Cc1cc(C(C)Nc2ccccc2C(=O)O)c2nc(N3CCC(C)(C)CC3)n(C)c(=O)c2c1,5.0
Cc1cc(C(C)Nc2ccccc2C(=O)O)c2nc(N3CCCCC3)ncc2c1,5.0
Cc1cc([C@@H](C)Nc2ccccc2C(=O)O)c2nc(N3CCCCC3)c(F)c(=O)n2c1,5.0
Cc1cc([C@@H](C)Nc2ccccc2C(=O)O)c2nc(N3CCCCC3)c(C#N)c(=O)n2c1,5.324313291300599
Cc1cc([C@@H](C)Nc2ccccc2C(=O)O)c2nc(N3CCCCC3)c(C(F)(F)F)c(=O)n2c1,5.0
Cc1cc([C@@H](C)Nc2ccccc2C(=O)O)c2nc(N3CCCCC3)c(C(N)=O)c(=O)n2c1,5.0
Cc1cc([C@@H](C)Nc2ccccc2C(=O)O)c2nc(N3CCCC3)c(C#N)c(=O)n2c1,5.0
Cc1cc([C@@H](C)Nc2ccccc2C(=O)O)c2nc(N3CCC(C)(C)CC3)c(C#N)c(=O)n2c1,6.246416941107094
Cc1cc([C@@H](C)Nc2ccccc2C(=O)O)c2nc(N3CCC(F)(F)CC3)c(C#N)c(=O)n2c1,5.0
Cc1cc([C@@H](C)Nc2ccccc2C(=O)O)c2nc(N3CC4CC(C3)C4(F)F)c(C#N)c(=O)n2c1,5.744004273277598
Cc1cc([C@@H](C)Nc2ccccc2C(=O)O)c2nc(C3CCC(F)(F)CC3)c(C#N)c(=O)n2c1,6.166852888087215
Cc1cc([C@@H](C)Nc2ccccc2C(=O)O)c2nc(N3CC(F)(F)C3)c(C#N)c(=O)n2c1,6.108462542327436
Cc1cc([C@@H](C)Nc2ccccc2C(=O)O)c2nc(N3CC4(C3)CC(F)(F)C4)c(C#N)c(=O)n2c1,5.0
Cc1cc([C@@H](C)Nc2ccccc2C(=O)O)c2nc(N3CCS(=O)(=O)CC3)c(C#N)c(=O)n2c1,5.0
